<odoo noupdate=1>
    <data>
        <!--  -->
        <!--   <record id="object0" model="library_app.library_app"> -->
        <!--     <field name="name">Object 0</field> -->
        <!--     <field name="value">0</field> -->
        <!--   </record> -->
        <!-- Data to load -->
        <record model="res.partner" id="res_partner_huxley">
            <field name="name">Aldous Huxley</field>
        </record>
        <record model="library.book" id="library_book_bnw">
            <field name="name">Brave New World</field>
            <field name="author_ids"
                    eval="[(4, ref('res_partner_huxley'))]" />
            <field name="date_published">1932-01-01</field>
        </record>
    </data>
</odoo>